{
	"m64_start": 445,
	"m64_input": "test.m64",
	
	"mario_x": 5572,
	"mario_y": 2455.57153320313,
	"mario_z": -2280.291015625,
	"mario_x_speed": -31.8084754943848,
	"mario_y_speed": -8,
	"mario_z_speed": 37.9953384399414,
	"mario_h_speed": 48.942512512207,
	"mario_action": "0x000008A7",
	"none_action_description": "air hitting wall",
	"mario_previous_action": "0x03000888",
	"none_prev._action_desc.": "long jump",
	"none_de_facto_speed": 48.942512512207,
	"mario_x_sliding_speed": -31.8084754943848,
	"mario_z_sliding_speed": 37.9953384399414,
	"none_h_sliding_speed": 49.5522437074505,
	"none_sliding_yaw": 58266.0575640352,
	"mario_yaw_moving": 60107,
	"mario_yaw_facing": 38400,
	"mario_yaw_intended": 50661,

	"camera_old_position_x": 5720.4736328125,
	"camera_old_position_y": 2796.7646484375,
	"camera_old_position_z": -3600.63354492188,
	"camera_old_focus_x": 5595.1484375,
	"camera_old_focus_y": 2355.57153320313,
	"camera_old_focus_z": -2277.68798828125,
	"camera_avoid_yaw_vel": 0,
	"camera_selection_flags": "0x0005",
	"camera_2nd_rotate_flags": "0x0000",
	"camera_c_buttons_pressed": "0x0000",
	"camera_lakitu_cur_focus_x": 5596.32275390625,
	"camera_lakitu_cur_focus_y": 2359.29345703125,
	"camera_lakitu_cur_focus_z": -2284.12548828125,
	"camera_lakitu_cur_pos_x": 5706.17919921875,
	"camera_lakitu_cur_pos_y": 2766.83032226563,
	"camera_lakitu_cur_pos_z": -3633.87548828125,
	"camera_lakitu_goal_focus_x": 5595.1484375,
	"camera_lakitu_goal_focus_y": 2355.57153320313,
	"camera_lakitu_goal_focus_z": -2277.68798828125,
	"camera_lakitu_goal_pos_x": 5720.4736328125,
	"camera_lakitu_goal_pos_y": 2796.7646484375,
	"camera_lakitu_goal_pos_z": -3600.63354492188,
	"camera_lakitu_mode": 16,
	"camera_lakitu_def_mode": 16,
	"camera_area_yaw": 0,
	"camera_area_yaw_change": 0,
	"camera_lakitu_dist": 0,
	"camera_lakitu_pitch": 0,
	"camera_zoom_amount": 210,
	"camera_cside_button_yaw": 0,
	"camera_mode_offset_yaw": 0,
	"camera_8dir_mode_base_yaw": 0,
	"camera_8dir_mode_yaw_offset": 0,
	"camera_pan_distance": 23.2941818237305,
	"camera_movement_flags": "0x0002",
	"camera_status_flags": "0x0201",
	"camera_mode": "0x10",
	"camera_default_mode": "0x10",
	"camera_yaw": 31619,
	"camera_cutscene": "0x00",
	"camera_focus_x": 5595.1484375,
	"camera_focus_y": 2355.57153320313,
	"camera_focus_z": -2277.68798828125,
	"camera_pos_x": 5720.4736328125,
	"camera_pos_y": 2796.7646484375,
	"camera_pos_z": -3600.63354492188,
	"camera_area_center_x": 3072,
	"camera_area_center_z": -4608,

	"static_tris": 
	[
		[6668,	3306,	-1981,	6668,	3306,	-69,	8090,	3306,	-1981],
		[6668,	3306,	-1981,	7063,	2501,	-1981,	6668,	1647,	-1981],
		[8090,	3306,	-1981,	7063,	2501,	-1981,	6668,	3306,	-1981],
		[6668,	1647,	-1981,	6115,	1963,	-2376,	6115,	1963,	-1981],
		[6115,	1963,	-2376,	6668,	1647,	-1981,	6668,	1647,	-2376],
		[5522,	1963,	-2573,	5522,	1963,	-2277,	5917,	1963,	-2573],
		[5818,	1963,	-1981,	5917,	1963,	-2573,	5522,	1963,	-2277],
		[6115,	1963,	-1981,	5917,	1963,	-2573,	5818,	1963,	-1981],
		[6115,	1963,	-2573,	5917,	1963,	-2573,	6115,	1963,	-1981],
		[5522,	2279,	-3126,	5522,	1963,	-2573,	5917,	2279,	-3126],
		[5917,	1963,	-2573,	5917,	2279,	-3126,	5522,	1963,	-2573],
		[6668,	4057,	-1025,	6668,	3306,	-1981,	6668,	4057,	-1981],
		[6668,	3306,	-1981,	6668,	4057,	-1025,	6668,	3306,	-69],
		[5522,	2279,	-3916,	5522,	2279,	-3719,	5917,	2279,	-3916],
		[5522,	2279,	-3324,	5917,	2279,	-3916,	5522,	2279,	-3719],
		[5522,	2279,	-3126,	5917,	2279,	-3916,	5522,	2279,	-3324],
		[5917,	2279,	-3126,	5917,	2279,	-3916,	5522,	2279,	-3126],
		[6115,	2279,	-3719,	5917,	2279,	-3916,	5917,	2279,	-3126],
		[6115,	2279,	-3324,	6115,	2279,	-3719,	5917,	2279,	-3126],
		[5364,	2279,	-3719,	5364,	2279,	-3324,	5522,	2279,	-3719],
		[5522,	2279,	-3324,	5522,	2279,	-3719,	5364,	2279,	-3324],
		[5364,	2911,	-3324,	5522,	2279,	-3324,	5364,	2279,	-3324],
		[5522,	2279,	-3324,	5364,	2911,	-3324,	5522,	2911,	-3324],
		[5522,	2911,	-3719,	5364,	2911,	-3324,	5364,	2911,	-3719],
		[5364,	2911,	-3324,	5522,	2911,	-3719,	5522,	2911,	-3324],
		[6668,	1647,	-1981,	6115,	1963,	-1981,	6668,	3306,	-1981],
		[5818,	1963,	-1981,	5818,	4057,	-1981,	6115,	1963,	-1981],
		[6668,	3306,	-1981,	6115,	1963,	-1981,	5818,	4057,	-1981],
		[6668,	4057,	-1981,	6668,	3306,	-1981,	5818,	4057,	-1981],
		[5522,	1963,	-2277,	5522,	4057,	-2277,	5818,	1963,	-1981],
		[5818,	4057,	-1981,	5818,	1963,	-1981,	5522,	4057,	-2277],
		[5522,	2911,	-3719,	5522,	4057,	-3640,	5522,	2911,	-3324],
		[5522,	2911,	-3324,	5522,	4057,	-3640,	5522,	4057,	-2573],
		[5522,	2911,	-3324,	5522,	4057,	-2573,	5522,	2279,	-3324],
		[5522,	2279,	-3324,	5522,	4057,	-2573,	5522,	2279,	-3126],
		[5522,	2279,	-3126,	5522,	4057,	-2573,	5522,	1963,	-2573],
		[5522,	1963,	-2573,	5522,	4057,	-2573,	5522,	1963,	-2277],
		[5522,	1963,	-2277,	5522,	4057,	-2573,	5522,	4057,	-2277]
	]
}