{
	"m64_start": 442,
	"m64_input": "test.m64",
	"m64_output": "sm74b3textbox.behindthetower.bruteforce.m64",
	"m64_count": 10,
	
	"max_processes": 4,
	"rnd_seed": 2143,
	"max_perturbation": 7,
	"runs_per_survivor": 25,
	"survivors_per_generation": 10,
	"max_generations": 1000000,
	"merge_interval": 40,
	"forget_rate": 2,
	"print_interval": 100,
	
	"initial_button_state": "0x2000",
	
	"scoring_frame": 9,
	"plane_nx": 0.70710676908493,
	"plane_nz": -0.70710676908493,
	"plane_d": -5514.7255859375,
	"gwk_angle": 11086,
	"minimum_h_speed": 46.0,
	
	"mario_action_timer": 0,
	"mario_wallkick_timer": 5,
	"mario_x": 5572,
	"mario_y": 2447.85717773438,
	"mario_z": -2282.16162109375,
	"mario_vel_x": -31.0459117889404,
	"mario_vel_y": -6,
	"mario_vel_z": 35.272274017334,
	"mario_h_speed": 45.9324836730957,
	"mario_action": "0x000008A7",
	"action_description": "air hitting wall",
	"mario_previous_action": "0x03000888",
	"prev._action_desc.": "long jump",
	"de_facto_speed": 45.9324836730957,
	"x_sliding_speed": -31.0459117889404,
	"z_sliding_speed": 35.272274017334,
	"h_sliding_speed": 46.9891684663664,
	"sliding_yaw": 58007.8152662794,
	"yaw_moving": 60238,
	"mario_yaw_facing": 38066,
	"mario_yaw_intended": 42450,

	"camera_old_position_x": 5717.08154296875,
	"camera_old_position_y": 2871.68701171875,
	"camera_old_position_z": -3572.33740234375,
	"camera_old_focus_x": 5591.880859375,
	"camera_old_focus_y": 2347.85717773438,
	"camera_old_focus_z": -2279.92602539063,
	"camera_avoid_yaw_vel": 0,
	"camera_selection_flags": "0x0005",
	"camera_2nd_rotate_flags": "0x0000",
	"camera_c_buttons_pressed": "0x0004",
	"camera_lakitu_cur_focus_x": 5592.98974609375,
	"camera_lakitu_cur_focus_y": 2347.1669921875,
	"camera_lakitu_cur_focus_z": -2285.7509765625,
	"camera_lakitu_cur_pos_x": 5717.470703125,
	"camera_lakitu_cur_pos_y": 2857.5732421875,
	"camera_lakitu_cur_pos_z": -3651.3935546875,
	"camera_lakitu_goal_focus_x": 5591.880859375,
	"camera_lakitu_goal_focus_y": 2347.85717773438,
	"camera_lakitu_goal_focus_z": -2279.92602539063,
	"camera_lakitu_goal_pos_x": 5717.08154296875,
	"camera_lakitu_goal_pos_y": 2871.68701171875,
	"camera_lakitu_goal_pos_z": -3572.33740234375,
	"camera_lakitu_mode": 16,
	"camera_lakitu_def_mode": 16,
	"camera_area_yaw": 0,
	"camera_area_yaw_change": 0,
	"camera_lakitu_dist": 0,
	"camera_lakitu_pitch": 0,
	"camera_zoom_amount": 0,
	"camera_cside_button_yaw": 0,
	"camera_mode_offset_yaw": 0,
	"camera_8dir_mode_base_yaw": 0,
	"camera_8dir_mode_yaw_offset": 0,
	"camera_pan_distance": 20.0060253143311,
	"camera_movement_flags": "0x000A",
	"camera_status_flags": "0x0021",
	"camera_mode": "0x10",
	"camera_default_mode": "0x10",
	"camera_yaw": 31622,
	"camera_cutscene": "0x00",
	"camera_focus_x": 5591.880859375,
	"camera_focus_y": 2347.85717773438,
	"camera_focus_z": -2279.92602539063,
	"camera_pos_x": 5717.08154296875,
	"camera_pos_y": 2871.68701171875,
	"camera_pos_z": -3572.33740234375,
	"camera_area_center_x": 3072,
	"camera_area_center_z": -4608,

	"static_tris": 
	[
		[6668,	3306,	-1981,	6668,	3306,	-69,	8090,	3306,	-1981],
		[6668,	3306,	-1981,	7063,	2501,	-1981,	6668,	1647,	-1981],
		[8090,	3306,	-1981,	7063,	2501,	-1981,	6668,	3306,	-1981],
		[6668,	1647,	-1981,	6115,	1963,	-2376,	6115,	1963,	-1981],
		[6115,	1963,	-2376,	6668,	1647,	-1981,	6668,	1647,	-2376],
		[5522,	1963,	-2573,	5522,	1963,	-2277,	5917,	1963,	-2573],
		[5818,	1963,	-1981,	5917,	1963,	-2573,	5522,	1963,	-2277],
		[6115,	1963,	-1981,	5917,	1963,	-2573,	5818,	1963,	-1981],
		[6115,	1963,	-2573,	5917,	1963,	-2573,	6115,	1963,	-1981],
		[5522,	2279,	-3126,	5522,	1963,	-2573,	5917,	2279,	-3126],
		[5917,	1963,	-2573,	5917,	2279,	-3126,	5522,	1963,	-2573],
		[6668,	4057,	-1025,	6668,	3306,	-1981,	6668,	4057,	-1981],
		[6668,	3306,	-1981,	6668,	4057,	-1025,	6668,	3306,	-69],
		[5522,	2279,	-3916,	5522,	2279,	-3719,	5917,	2279,	-3916],
		[5522,	2279,	-3324,	5917,	2279,	-3916,	5522,	2279,	-3719],
		[5522,	2279,	-3126,	5917,	2279,	-3916,	5522,	2279,	-3324],
		[5917,	2279,	-3126,	5917,	2279,	-3916,	5522,	2279,	-3126],
		[6115,	2279,	-3719,	5917,	2279,	-3916,	5917,	2279,	-3126],
		[6115,	2279,	-3324,	6115,	2279,	-3719,	5917,	2279,	-3126],
		[5364,	2279,	-3719,	5364,	2279,	-3324,	5522,	2279,	-3719],
		[5522,	2279,	-3324,	5522,	2279,	-3719,	5364,	2279,	-3324],
		[5364,	2911,	-3324,	5522,	2279,	-3324,	5364,	2279,	-3324],
		[5522,	2279,	-3324,	5364,	2911,	-3324,	5522,	2911,	-3324],
		[5522,	2911,	-3719,	5364,	2911,	-3324,	5364,	2911,	-3719],
		[5364,	2911,	-3324,	5522,	2911,	-3719,	5522,	2911,	-3324],
		[6668,	1647,	-1981,	6115,	1963,	-1981,	6668,	3306,	-1981],
		[5818,	1963,	-1981,	5818,	4057,	-1981,	6115,	1963,	-1981],
		[6668,	3306,	-1981,	6115,	1963,	-1981,	5818,	4057,	-1981],
		[6668,	4057,	-1981,	6668,	3306,	-1981,	5818,	4057,	-1981],
		[5522,	1963,	-2277,	5522,	4057,	-2277,	5818,	1963,	-1981],
		[5818,	4057,	-1981,	5818,	1963,	-1981,	5522,	4057,	-2277],
		[5522,	2911,	-3719,	5522,	4057,	-3640,	5522,	2911,	-3324],
		[5522,	2911,	-3324,	5522,	4057,	-3640,	5522,	4057,	-2573],
		[5522,	2911,	-3324,	5522,	4057,	-2573,	5522,	2279,	-3324],
		[5522,	2279,	-3324,	5522,	4057,	-2573,	5522,	2279,	-3126],
		[5522,	2279,	-3126,	5522,	4057,	-2573,	5522,	1963,	-2573],
		[5522,	1963,	-2573,	5522,	4057,	-2573,	5522,	1963,	-2277],
		[5522,	1963,	-2277,	5522,	4057,	-2573,	5522,	4057,	-2277]
	]
}